_pubsub::engine_fps_id,122
_pubsub::engine_memory_used_id,120
_pubsub::engine_memory_warning_id,24
_pubsub::engine_net_request_id,2960
_pubsub::engine_payload_id,16
_pubsub::engine_rml_load_document_id,2322
_pubsub::engine_rml_navigation_id,2390
_pubsub::engine_set_scene_id,500
_pubsub::foo,19184
_pubsub::game_chat_events_id,36
_pubsub::game_logging_id,18
_pubsub::game_lua_health_id,972
_pubsub::game_lua_health_mem_warning,2
_pubsub::game_lua_health_minutes,94
_pubsub::game_lua_health_threshold,10
_pubsub::game_noisytypes_id,4
_pubsub::niso_engine_fps_id,244
_pubsub::niso_engine_memory_used_id,240
_pubsub::niso_engine_memory_warning_id,48
_pubsub::niso_engine_net_request_id,5920
_pubsub::niso_engine_payload_id,32
_pubsub::niso_engine_rml_load_document_id,4644
_pubsub::niso_engine_rml_navigation_id,4784
_pubsub::niso_engine_set_scene_id,1000
_pubsub::niso_game_chat_events_id,72
_pubsub::niso_game_logging_id,36
_pubsub::niso_game_lua_health_id,1944
_pubsub::niso_game_lua_health_mem_warning,4
_pubsub::niso_game_lua_health_minutes,188
_pubsub::niso_game_lua_health_threshold,20
_pubsub::niso_game_noisytypes_id,8
_pubsub::sms_republished_v1_neo,9594
_stats::/stats,60
